{
  "links": {
    "kiwiSaverWealthOfficePhone": {
      "url": "tel:0800942822",
      "label": "0800 942 822"
    },
    "kiwiSaverSpecialistsPhone": {
      "url": "tel:0508972254",
      "label": "0508 972 254"
    },
    "kiwiSaverHomeLoansPhone": {
      "url": "tel:0800177277",
      "label": "0800 177 277"
    },
    "kiwiSaverFAQs": "https://www.westpac.co.nz/help/kiwisaver-faqs/",
    "joinWestpac": "https://www.westpac.co.nz/kiwisaver-investments/kiwisaver/join-transfer/",
    "changeFund": "https://bank.westpac.co.nz/wone/app.html#login",
    "guardianForm": "https://www.westpac.co.nz/assets/Personal/kiwisaver/documents/Forms/Westpac-KiwiSaver-Scheme-Switch-Request-Form-Westpac-NZ.pdf",
    "infoKiwiSaver": "https://www.westpac.co.nz/kiwisaver-investments/kiwisaver/understanding-kiwisaver/#things-you-should-know",
    "infoFirstHome": "https://www.westpac.co.nz/kiwisaver-investments/kiwisaver/using-kiwisaver-for-your-first-home/"
  },
  "fundItems": {
    "cash": {
      "type": "cash",
      "title": "Westpac KiwiSaver Scheme Cash Fund",
      "shortname": "Cash",
      "description": [
        "For people wanting to use their savings within one year, or for those wanting the lowest risk of their savings going down compared to the other Westpac KiwiSaver Scheme funds, we recommend the Cash Fund. This fund aims to protect your money in the short term. It’s the least likely to go down significantly, but returns will be low."
      ],
      "feeDetails": [
        "On 31/12/20 the average annual return over five years (after annual fund charges and tax) was 1.39%",
        "The estimated annual fund charges are 0.29% (29¢ per $100 per year) *",
        "Administration fee of $12 per year"
      ],
      "shortDescription": [
        "The fund is designed for people wanting to use their savings within 1 year, or for those wanting the lowest risk of their savings going down compared to the other Westpac KiwiSaver Scheme funds.",
        "It aims to provide stable returns over the short term. It’s least likely savings in this fund will go down significantly, but they will only go up slowly.",
        "Long-term returns are likely to be lowest of all the funds in the Westpac KiwiSaver Scheme."
      ],
      "averageAnnualReturn": 1.39,
      "adminFeePerYear": 12,
      "annualFundChargePercent": 0.29,
      "annualFundChargeDescription": "so that’s 29¢ for every $100 per year"
    },
    "conservative": {
      "type": "conservative",
      "title": "Westpac KiwiSaver Scheme Conservative Fund",
      "shortname": "Conservative",
      "description": [
        "For people wanting to use their savings in 3 to 4 years, or those with 1 to 2 years until they want to use their savings and who want to take some risk for the potential for somewhat higher returns than the Cash Fund, we recommend the Conservative Fund. This fund aims to provide low but stable returns over the short to medium term, with only small ups and downs along the way."
      ],
      "feeDetails": [
        "On 31/12/20 the average annual return over five years (after annual fund charges and tax) was 4.59%",
        "The estimated annual fund charges are 0.59% (59¢ per $100 per year) *",
        "Administration fee of $12 per year"
      ],
      "shortDescription": [
        "The fund is designed for people wanting to use their savings in 3 to 4 years or for those wanting to use their savings in 1 to 2 years, but wanting the potential for somewhat higher returns than the Cash Fund.",
        "It aims to provide stable returns over the short to medium term. It’s unlikely to go up and down as much as the Westpac KiwiSaver Scheme’s higher growth funds, but it’s likely to go up and down more than the Cash Fund.",
        "Long-term returns are likely to be less than for the higher growth funds, but greater than for the Westpac KiwiSaver Scheme’s Cash Fund."
      ],
      "averageAnnualReturn": 4.59,
      "adminFeePerYear": 12,
      "annualFundChargePercent": 0.59,
      "annualFundChargeDescription": "so that’s 59¢ for every $100 per year"
    },
    "defensive": {
      "type": "defensive",
      "title": "Westpac KiwiSaver Scheme Default Fund",
      "shortname": "Default",
      "description": [
        "For people with between 3 and 4 years before wanting to withdraw their savings we recommend the Default Fund. This fund aims to provide low but stable returns over the short to medium term with only small ups and downs along the way."
      ],
      "feeDetails": [
        "On 31/12/20 the average annual return over five years (after annual fund charges and tax) was 4.36%",
        "The estimated annual fund charges are 0.40% (40¢ per $100 per year) *",
        "Administration fee of $12 per year"
      ],
      "shortDescription": [
        "The fund is designed for people wanting to use their savings in 3 to 4 years or those with 1 to 2 years, but wanting the potential for somewhat higher investment returns than the Cash Fund.",
        "It aims to provide stable returns over the short to medium term. It’s unlikely to go up and down as much as the Westpac KiwiSaver Scheme’s higher growth funds, but it’s likely to go up and down more than the Cash Fund.",
        "Long-term returns are likely to be less than for the higher growth funds, but greater than for the Westpac KiwiSaver Scheme’s Cash Fund."
      ],
      "averageAnnualReturn": 4.36,
      "adminFeePerYear": 12,
      "annualFundChargePercent": 0.4,
      "annualFundChargeDescription": "so that’s 40¢ for every $100 per year"
    },
    "moderate": {
      "type": "moderate",
      "title": "Westpac KiwiSaver Scheme Moderate Fund",
      "shortname": "Moderate",
      "description": [
        "For people wanting to use their savings in 5 to 6 years we recommend the Moderate Fund. This fund aims to provide moderate returns over the medium term, and you should expect some ups and downs along the way."
      ],
      "feeDetails": [
        "On 31/12/20 the average annual return over five years (after annual fund charges and tax) was 5.71%",
        "The estimated annual fund charges are 0.66% (66¢ per $100 per year) *",
        "Administration fee of $12 per year"
      ],
      "shortDescription": [
        "The fund is designed for people wanting to use their savings in 5 to 6 years. It aims to provide moderate returns over the medium term.",
        "It’s less likely to go up and down as much as the higher growth funds, but its ups and downs are likely to be greater than the more conservative funds in the Westpac KiwiSaver Scheme.",
        "Long-term returns are likely to be less than for the higher growth funds but greater than for the more conservative funds in the Westpac KiwiSaver Scheme."
      ],
      "averageAnnualReturn": 5.71,
      "adminFeePerYear": 12,
      "annualFundChargePercent": 0.66,
      "annualFundChargeDescription": "so that’s 66¢ for every $100 per year"
    },
    "balanced": {
      "type": "balanced",
      "title": "Westpac KiwiSaver Scheme Balanced Fund",
      "shortname": "Balanced",
      "description": [
        "For people wanting to use their savings in 7 to 9 years we recommend the Balanced Fund. This fund aims to provide medium returns over the medium to long term, and you should expect some ups and downs along the way."
      ],
      "feeDetails": [
        "On 31/12/20 the average annual return over five years (after annual fund charges and tax) was 7.39%",
        "The estimated annual fund charges are 0.73% (73¢ per $100 per year) *",
        "Administration fee of $12 per year"
      ],
      "shortDescription": [
        "The fund is designed for people wanting to use their savings in 7 to 9 years. It aims to provide medium returns over the medium term.",
        "It’s less likely to go up and down as much as the Growth Fund, but its ups and downs are likely to be greater than the more conservative funds in the Westpac KiwiSaver Scheme. ",
        "Long-term returns are likely to be less than for the Growth Fund but greater than the more conservative funds in the Westpac KiwiSaver Scheme."
      ],
      "averageAnnualReturn": 7.39,
      "adminFeePerYear": 12,
      "annualFundChargePercent": 0.73,
      "annualFundChargeDescription": "so that’s 73¢ for every $100 per year"
    },
    "growth": {
      "type": "growth",
      "title": "Westpac KiwiSaver Scheme Growth Fund",
      "shortname": "Growth",
      "description": [
        "For people with 10 years or more before they want to use their savings we recommend the Growth Fund. This fund aims to provide higher returns over the long term, but you should expect big ups and downs in your balance along the way."
      ],
      "feeDetails": [
        "On 31/12/20 the average annual return over five years (after annual fund charges and tax) was 8.67%",
        "The estimated annual fund charges are 0.80% (80¢ per $100 per year) *",
        "Administration fee of $12 per year"
      ],
      "shortDescription": [
        "The fund is designed for people with 10 years or more before wanting to use their savings.",
        "It aims to provide the highest returns of all the Westpac KiwiSaver Scheme funds over the long term.",
        "Choosing this fund means that the risk of your savings going up and down along the way is more likely than for the more conservative funds in the Westpac KiwiSaver Scheme."
      ],
      "averageAnnualReturn": 8.67,
      "adminFeePerYear": 12,
      "annualFundChargePercent": 0.8,
      "annualFundChargeDescription": "so that’s 80¢ for every $100 per year"
    }
  },
  "modals": {
    "underAge": {
      "title": "We’re here to help.",
      "body": [
        "As you haven’t turned 18 yet, you should complete this fund chooser with a parent or guardian. If you want to change your Westpac KiwiSaver Scheme fund afterwards your parent or guardian will need to complete <a href='https://www.westpac.co.nz/assets/Personal/kiwisaver/documents/Forms/Westpac-KiwiSaver-Scheme-Switch-Request-Form-Westpac-NZ.pdf' target='_blank' rel='noopener noreferrer'>this form</a> or call us on <a href='tel:0508972254'>0508 972 254</a>."
      ]
    },
    "firstHomeAge55OrOver": {
      "title": "We’re here to help.",
      "body": [
        "Need to understand how you can make a mortgage work? We recommend you speak with one of our lending specialists by calling us on <a href='tel:0800177277'>0800 177 277</a>."
      ],
      "actionLabel": "No thanks, I don’t need help right now."
    },
    "ageBetween60to64": {
      "title": "We’re here to help.",
      "body": [
        "Because you’re nearing an age where you can use your savings, we recommend talking to one of our financial advisers. They can talk with you about your plans and help you manage your KiwiSaver savings in the way that’s best for you.",
        "Disclosure statements under the Financial Advisers Act are available free of charge on request from Westpac or your Westpac financial adviser.",
        "Would you like to talk with one of our financial advisers? It’s easy just call us on <a href='tel:0800942822'>0800 942 822</a>."
      ],
      "actionLabel": "No thanks, I don’t want personalised financial advice. I want to continue and I understand the recommendation I get won’t take into account how long I want my money to last in retirement."
    },
    "age65OrOver": {
      "title": "We’re here to help.",
      "body": [
        "Because you’re at an age where you can use your savings, we recommend talking to one of our financial advisers. They can talk with you about your plans and help you manage your KiwiSaver savings in the way that’s best for you.",
        "Disclosure statements under the Financial Advisers Act are available free of charge on request from Westpac or your Westpac financial adviser.",
        "Would you like to talk with one of our financial advisers? It’s easy just call us on <a href='tel:0800942822'>0800 942 822</a>."
      ],
      "actionLabel": "No thanks, I don't need help right now."
    }
  },
  "beforeYouStart": [
    "<h6>What you should know about choosing a fund</h6>",
    "<p>There are two main things to think about when choosing a fund: how long until you plan to first use your KiwiSaver savings and how you feel about your savings going up and down along the way.</p>",
    "<h6>What do we base our recommendation on?</h6>",
    "<p>The Fund Chooser recommends a fund based on how long you plan to invest for, not on how you feel about your savings going up and down along the way.</p>",
    "<h6>How do you feel about ups and downs along the way?</h6>",
    "<p>You’ll see a graph showing how your recommended fund has performed in the past. Think about how you would feel if it was your savings that had gone up and down.</p>",
    "<p>You can compare the recommended fund to other funds and choose a different a fund if you prefer. Keep in mind that the graph shows past performance and the funds may perform differently in the future.</p>",
    "<h6>We're here to help</h6>",
    "<p>If you would like to talk with one of our KiwiSaver specialists about your Westpac KiwiSaver Scheme account or any questions you have on the recommendation please call weekdays on <a href='tel:0508972254'>0508 972 254</a> between 8:30am and 5pm.</p>",
    "<p>Keep in mind that the Fund Chooser’s recommendation is general in nature and it doesn’t take into account your individual financial circumstances or goals, or any other accounts or investments you have.</p>",
    "<p>The team can also arrange for a consultation if you would like financial advice that takes your personal circumstances into account.</p>"
  ],
  "beforeYouStartSecondary": [
    "<p>BT Funds Management (NZ) Limited is the scheme provider and Westpac New Zealand Limited is the distributor, of the Westpac KiwiSaver Scheme (Scheme).<br>",
    "The information above is subject to changes to government policy and law, and changes to the Scheme from time to time.</p>",
    "<p>Investments made in the Scheme do not represent bank deposits or other liabilities of Westpac Banking Corporation ABN 33 007 457 141, ",
    "Westpac New Zealand Limited or other members of the Westpac group of companies. They are subject to investment and other risks, ",
    "including possible delays in payment of withdrawal amounts in some circumstances, and loss of investment value, including principal invested. ",
    "None of BT Funds Management (NZ) Limited (as manager), any member of the Westpac group of companies, ",
    "The New Zealand Guardian Trust Company Limited (as supervisor), or any director or nominee of any of those entities, ",
    "or any other person guarantees the Scheme’s performance, returns or repayment of capital. ",
    "For a copy of the Product Disclosure Statement or more information about the Scheme, contact any Westpac branch or call ",
    "<a href='tel:0508972254'>0508 972 254</a> or from overseas <a href='tel:+6493759978'>+64 9 375 9978</a> (international toll charges apply). ",
    "You can also download the <a href='https://www.westpac.co.nz/assets/Personal/kiwisaver/documents/Product-disclosure-statements/Westpac-KiwiSaver-Scheme-Product-Disclosure-Statement-2020.pdf' target='_blank' rel='noopener noreferrer'>Product Disclosure Statement</a>. ",
    "<p>Disclosure statements under the Financial Advisers Act are available on request from Westpac or your Westpac financial adviser.</p>"
  ],
  "beforeYouStartStaff": [
    "<h6>This is the script for the disclaimer for staff to read when they open the tool from salescustomer:</h6>",
    "<p>Westpac has an online Fund Chooser, that will recommend one of the funds in the Westpac KiwiSaver Scheme.  So, I will be passing on the Fund Chooser’s advice for Westpac.  The funds that the Fund Chooser recommends are provided by a company called BTNZ, which is part of the Westpac group.</p>",
    "<p>The Fund Chooser will ask a few questions so it can recommend a fund that suits your KiwiSaver investment timeframe.  But it won’t ask about how you feel about your balance fluctuating.  After you’ve answered the questions and Westpac has recommended a fund, you’ll see a graph that shows how a $10,000 investment has gone up and down in the past. You need to think about how you would feel if this had been your money. </p>",
    "<p>The Fund Chooser is generic and doesn’t take your personal financial situation or goals into account, or any other accounts or investments you have. As I can’t advise you myself on your fund choice, if after completing the Fund Chooser you want personalised advice or more help, I can arrange for a Westpac Financial Adviser to get in touch.</p>",
    "<p>We do need to collect some information about you today so Westpac can provide its advice. We will keep this information and Westpac’s recommendation securely on file in accordance with our Privacy Policy which is available online.  We may also use this information to contact you about your Westpac KiwiSaver Scheme membership in the future. This could be by email, but you can choose to unsubscribe from the emails.  We will share this information with BTNZ as the Scheme provider.</p>",
    "<p>You can get a copy of anything that we go through today in writing. </p>",
    "<p>Do you have any questions?</p>",
    "<p>Do you want to get started?</p>"
  ],
  "disclaimers": [
    "<p class='wp-u-mb'>The Fund Chooser provides you with advice from Westpac New Zealand Limited (Westpac or “we”). It will give you a recommendation for a Westpac KiwiSaver Scheme fund that suits your investment timeframe.</p>",
    "<p class='wp-u-mb'>You’ll get a recommendation on one of the following Westpac KiwiSaver Scheme funds:</p>",
    "<ul><li>Growth Fund</li>",
    "<li>Balanced Fund</li>",
    "<li>Moderate Fund</li>",
    "<li>Conservative Fund</li>",
    "<li>Cash Fund</li></ul>",
    "<p class='wp-u-mb'>All the Westpac KiwiSaver Scheme funds are provided by BT Funds Management (NZ) Limited (BTNZ), which is part of the Westpac group of companies.</p>",
    "<h6>What are the limitations of this advice?</h6>",
    "<p class='wp-u-mb'>There are two main things to think about when choosing a fund:</p>",
    "<ul><li>How long until you plan to first use your KiwiSaver savings, and</li>",
    "<li>How you feel about your savings going up and down along the way.</li></ul>",
    "<p class='wp-u-mb'>The Fund Chooser makes a recommendation based only on how long you plan to invest for. It does not take into consideration how you feel about your savings going up and down along the way.</p>",
    "<p class='wp-u-mb'>The Fund Chooser is general in nature – it doesn’t take into account your individual financial circumstances or goals, or any other accounts or investments you have.</p>",
    "<p class='wp-u-mb'>Our advice is based on the answers you provide today. If your circumstances change, we recommend that you complete the Fund Chooser again or call us for help.</p>",
    "<p class='wp-u-mb'>Westpac advises only on funds provided by BTNZ.</p>",
    "<p class='wp-u-mb'>If you are interested in the Westpac Savings and Investment Product Chooser, <a href='https://www.westpac.co.nz/kiwisaver-investments/savings-investment-chooser' target='_blank' rel='noopener noreferrer'>click here</a>.</p>",
    "<h6>Conflict of interests and commissions</h6>",
    "<p class='wp-u-mb'>In this Fund Chooser, Westpac advises on funds provided by BTNZ, so will benefit financially if you invest in one of the funds as we belong to the same group of companies as BTNZ.</p>",
    "<p class='wp-u-mb'>In addition, members of the Westpac KiwiSaver Scheme all pay an annual management fee to BTNZ to help cover the costs of managing the scheme and 15% of that fee is shared with Westpac. This fee contributes to the costs of Westpac providing support services and distributing the Scheme for BTNZ. You can find out more about the management fee in the <a href='https://www.westpac.co.nz/assets/Personal/kiwisaver/documents/Product-disclosure-statements/Westpac-KiwiSaver-Scheme-Product-Disclosure-Statement-2020.pdf' target='_blank' rel='noopener noreferrer'>Product Disclosure Statement</a>.</p>",
    "<p class='wp-u-mb'>To manage conflicts, we have a conflict of interest policy and framework in place and we take all reasonable steps to ensure our advice is not materially influenced by our own or our affiliates’ interests, if we know that we or they have a conflict of interest with you. We regularly monitor and review financial advice given by this Fund Chooser to ensure that recommendations are appropriate for our customers. </p>",
    "<h6>Westpac reliability history</h6>",
    "<p class='wp-u-mb'>We need to let you know that an event, known as a ‘reliability event’ occurred involving Westpac: In August 2019, Westpac identified and self-disclosed an issue to the Financial Markets Authority and Commerce Commission. The issue related to the discounting of fees for some customers and a potential contravention of the fair dealing provisions of the Financial Markets Conduct Act. Steps were agreed in relation to the refund of fees to some 93,000 customers who had been overcharged. The Westpac KiwiSaver Scheme was not affected by this.</p>",
    "<h6>Fees and other costs</h6>",
    "<p class='wp-u-mb'>Our Fund Chooser advice is free of charge. Details of any fees or other costs that you may pay as a member of the Westpac KiwiSaver Scheme are provided once the Fund Chooser has made its recommendation.</p>",
    "<h6>Would you like this information in writing?</h6>",
    "<p class='wp-u-mb'>After completing the Fund Chooser, the recommendation given and this information will each be available to you, by email and/or download. If you would like this page in writing, please get in touch.</p>",
    "<h6>Get in touch</h6>",
    "<p class='wp-u-mb'>If you would like to talk to one of our KiwiSaver specialists about the Westpac KiwiSaver Scheme or have any questions on the recommendation, please call weekdays on <a href='tel:0508972254'>0508 972 254</a> between 8:30am and 5pm.</p>",
    "<h6>Complaints</h6>",
    "<p class='wp-u-mb'>If you’re ever unhappy about something we’ve done – or perhaps not done – please give us the opportunity to put things right.  You can use our complaints process, as outlined on our <a href='https://www.westpac.co.nz/contact-us/complaints' target='_blank' rel='noopener noreferrer'>website</a>.</p>",
    "<p class='wp-u-mb'>If you're not satisfied with our response after we have investigated your complaint, we are a member of the <a href='https://bankomb.org.nz/' target='_blank' rel='noopener noreferrer'>Banking Ombudsman Scheme</a>, a free and independent service to help you resolve the issue with us. Further information regarding the Banking Ombudsman Scheme is available on our <a href='https://www.westpac.co.nz/contact-us/complaints' target='_blank' rel='noopener noreferrer'>website</a>.</p>"
  ],
  "disclaimersLoggedUser": [
    "<h6>Privacy notice</h6>",
    "<p class='wp-u-mb'>Your responses and the advice provided will be collected, used, shared and securely stored in accordance with our <a href='https://www.westpac.co.nz/assets/About-us/legal-information-privacy/documents/Westpac-Privacy-Policy.pdf' target='_blank' rel='noopener noreferrer'>Privacy Policy</a>. This information may be shared with other members of the Westpac group including BTNZ. We may also use this information to keep you informed about your membership in the scheme and provide you with advice in the future. If you have provided your email address then we may email these messages. You have the right to access and correct this information subject to the provisions of the Privacy Act 2020.</p>"
  ],
  "recommendationDisclosures": [
    "<p>The Fund Chooser's recommendation is general in nature – it doesn't take into account your individual financial circumstances or goals, or any other accounts or investments you have. The recommendation is based on the answers you provide today. If circumstances change, we recommend that you complete the Fund Chooser again or call us for help.</p>",
    "<p>BT Funds Management (NZ) Limited (BTNZ) is the scheme provider, and Westpac New Zealand Limited (WNZL) is the distributor of the Westpac KiwiSaver Scheme (Scheme). The information above is subject to changes to government policy and law, and changes to the Scheme from time to time.</p>",
    "<p>Investments made in the Scheme do not represent bank deposits or other liabilities of Westpac Banking Corporation ABN 33 007 457 141, WNZL or other members of the Westpac group of companies. They are subject to investment and other risks, including possible delays in payment of withdrawal amounts in some circumstances, and loss of investment value, including principal invested. None of BTNZ (as manager), any member of the Westpac group of companies, The New Zealand Guardian Trust Company Limited (as supervisor), or any director or nominee of any of those entities, or any other person guarantees the Scheme's performance, returns or repayment of capital. </p>",
    "<p>For a copy of the Product Disclosure Statement or more information about the Scheme, contact us or download the Product Disclosure Statement <a href='https://www.westpac.co.nz/assets/Personal/kiwisaver/documents/Product-disclosure-statements/Westpac-KiwiSaver-Scheme-Product-Disclosure-Statement-2020.pdf' target='_blank' rel='noopener noreferrer'>here</a>.</p>",
    "<p>*Estimated annual fund charges are percentages of the net asset values of a fund. These include estimates of manager and supervisor expenses and applicable underlying fund charges. Actual fund charges will depend on the expenses incurred and performance of the underlying funds and their investment managers and will vary from the estimates. Actual fund charges are available in the latest fund updates. The estimate is as at the date of the most recent Product Disclosure Statement.</p>"
  ],
  "pdfContents": {
    "introduction": [
      "<p>Thanks for completing the Westpac KiwiSaver Scheme Fund Chooser tool on {{currentDate}}.</p>",
      "<p>This tool is designed to help choose the right Westpac KiwiSaver Scheme fund for you. There are two main things to think about when choosing a fund: **how long until you plan to use your KiwiSaver savings and how you feel about your savings going up and down along the way**.</p>",
      "<p>The fund recommended to you is based on how long you plan to invest for, not on how you feel about your savings going up and down along the way.</p>",
      "<p>To help you understand how you feel about your savings going up and down, look at the graph below to see how the fund recommended for you has performed in the past. Think about how you would feel if it was your savings that had gone up and down.</p>"
    ],
    "recommendationDetails": [
      "<p>The recommendation is general in nature and doesn’t take into account your individual financial circumstances or goals, or any other accounts or investments you may have. You should check your fund choice regularly.</p>"
    ],
    "howToChange": [
      "<p>You can change funds anytime in Westpac One® online banking. If you don’t know your login details just give us a call on **0508 972 254** anytime between Monday – Friday 9:30am to 5pm to get sorted.</p>",
      "<p>Or fill in the form at **westpac.co.nz/kiwisaver/forms/** and send it into **The Westpac KiwiSaver Scheme, PO Box 695, Wellington 6140** or take it in to your local Westpac branch.</p>",
      "<p>If you’re still unsure on what fund works best, just call us on **0508 972 254** to speak to a KiwiSaver Specialist for more help or email us at **kiwisaverhelp@westpac.co.nz** to request a call back from a Westpac Financial Adviser.</p>"
    ],
    "moreInformation": [
      "You can find out more about this fund and compare it with other Westpac KiwiSaver Scheme funds in the fund comparison table on the next page. You can choose a different fund at any time."
    ],
    "disclosures": [
      "<p>Disclosure statements are available free of charge on request from Westpac or your Westpac financial adviser.</p>",
      "The Fund Chooser’s recommendation is general in nature – it doesn’t take into account your individual financial circumstances or goals, or any other accounts or investments you have.",
      "The recommendation is based on the answers you provide today. If circumstances change, we recommend that you complete the Fund Chooser again or call us for help.",
      "BT Funds Management (NZ) Limited (BTNZ) is the scheme provider, and Westpac New Zealand Limited (WNZL) is the distributor of the Westpac KiwiSaver Scheme (Scheme). The information above is subject to changes to government policy and law, and changes to the Scheme from time to time.",
      "Investments made in the Scheme do not represent bank deposits or other liabilities of Westpac Banking Corporation ABN 33 007 457 141, WNZL or other members of the Westpac group of companies. They are subject to investment and other risks, including possible delays in payment of withdrawal amounts in some circumstances, and loss of investment value, including principal invested. None of BTNZ (as manager), any member of the Westpac group of companies, The New Zealand Guardian Trust Company Limited (as supervisor), or any director or nominee of any of those entities, or any other person guarantees the Scheme’s performance, returns or repayment of capital.",
      "For a copy of the Product Disclosure Statement or more information about the Scheme, visit westpac.co.nz, contact any Westpac branch or call 0508 972 254 or from overseas +64 9 375 9978 (international toll charges apply)."
    ],
    "graphDisclosures": [
      "This graph shows actual past returns for funds in the Westpac KiwiSaver Scheme. It’s purpose is to show you how different funds may go up and down along the way. Future returns will vary and may be negative at times, which means your balance can be less than what you invested. For more information about this graph refer to page 5."
    ],
    "comparisonDisclosures": [
      "<p>*Average annual return over five years (after annual fund charges and tax) as at {{returnsUpdatedAt}}.</p>",
      "<p>^Annual fund charges are percentages of the net asset values of a fund. These include estimates of manager and supervisor expenses and applicable underlying fund charges. Actual fund charges will depend on the expenses incurred and performance of the underlying funds and their investment managers and will vary from the estimates. Actual fund charges are available in the latest fund updates. The estimate is as at the date of the most recent Product Disclosure Statement.</p>"
    ],
    "otherInformation": [
      "<p>The Fund Chooser tool provides you with advice from Westpac New Zealand Limited (Westpac or “we”). It gave you a recommendation for one of the Westpac KiwiSaver Scheme funds below that suits your investment timeframe.</p>",
      "<ul><li>Growth Fund</li>",
      "<li>Balanced Fund</li>",
      "<li>Moderate Fund</li>",
      "<li>Conservative Fund</li>",
      "<li>Cash Fund</li></ul>",
      "<p>All the Westpac KiwiSaver Scheme funds are provided by BT Funds Management (NZ) Limited (BTNZ), which is part of the Westpac group of companies.</p>",
      "<h6>What are the limitations of this advice?</h6>",
      "<p>There are two main things to think about when choosing a fund:</p>",
      "<ul><li>How long until you plan to first use your KiwiSaver savings, and</li>",
      "<li>How you feel about your savings going up and down along the way.</li></ul>",
      "<p>The Fund Chooser makes a recommendation based only on how long you plan to invest for. It does not take into consideration how you feel about your savings going up and down along the way. The Fund Chooser is general in nature – it doesn’t take into account your individual financial circumstances or goals, or any other accounts or investments you have.</p>",
      "<p>Our advice is based on the answers you provided today. If circumstances change, we recommend that you complete the Fund Chooser again or call us for help.</p>",
      "<p>If you are interested in the Westpac Savings & Investment Chooser, go to this address **westpac.co.nz/kiwisaver-investments/savings-investment-chooser**.</p>",
      "<p>Westpac advises only on funds provided by BTNZ.</p>",
      "<h6>Conflict of interests and commissions</h6>",
      "<p>In the Fund Chooser, Westpac advises on funds provided by BTNZ, so will benefit financially if you invest in one of the funds as we belong to the same group of companies as BTNZ.</p>",
      "<p>In addition, members of the Westpac KiwiSaver Scheme all pay an annual management fee to BTNZ to help cover the costs of managing the scheme and 15% of that fee is shared with Westpac. This fee contributes to the costs of Westpac providing support services and distributing the Scheme for BTNZ. You can find out more about the management fee in the Product Disclosure Statement.</p>",
      "<p>To manage conflicts, we have a conflict of interest policy and framework in place and we take all reasonable steps to ensure our advice is not materially influenced by our own or our affiliates’ interests, if we know that we or they have a conflict of interest with you. We regularly monitor and review financial advice given by the Fund Chooser to ensure that recommendations are appropriate for our customers.</p>",
      "<h6>Our duties providing financial advice</h6>",
      "<p>When providing financial advice through the Fund Chooser, we are bound by a number of duties under the Financial Markets Conduct Act, including:</p>",
      "<ul><li>Meeting the standards of competence, knowledge and skill as set out in the Code of Professional Conduct for Financial Advice Services (Code);</li>",
      "<li>Giving priority to your interests;</li>",
      "<li>Exercising care, diligence and skill; and</li>",
      "<li>Meeting the standards of ethical behaviour, conduct and client care as set out in the Code.</li></ul>",
      "<pageBreak/>",
      "<h6>Westpac reliability history</h6>",
      "<p>We need to let you know that an event, known as a ‘reliability event’ occurred involving Westpac: In August 2019, Westpac identified and self-disclosed an issue to the Financial Markets Authority and Commerce Commission. The issue related to the discounting of fees for some customers and a potential contravention of the fair dealing provisions of the Financial Markets Conduct Act. Steps were agreed in relation to the refund of fees to some 93,000 customers who had been overcharged. The Westpac KiwiSaver Scheme was not affected by this.</p>",
      "<h6>Fees and other costs</h6>",
      "<p>Our Fund Chooser advice is free of charge. Details of any fees or other costs that you may pay as a member of the Westpac KiwiSaver Scheme are provided once the Fund Chooser has made its recommendation.</p>",
      "<h6>Get in touch</h6>",
      "<p>If you would like to talk to one of our KiwiSaver specialists about the Westpac KiwiSaver Scheme or have any questions on the recommendation, please call weekdays on **0508 972 254** between 8:30am and 5pm.</p>",
      "<h6>Complaints</h6>",
      "<p>If you’re ever unhappy about something we’ve done – or perhaps not done – please give us the opportunity to put things right.  You can use our complaints process, as outlined on our website.</p>",
      "<p>If you’re not satisfied with our response after we have investigated your complaint, we are a member of the Banking Ombudsman Scheme, a free and independent service to help you resolve the issue with us. Further information regarding the Banking Ombudsman Scheme is available on our website.</p>",
      "<authenticated/><h6>Privacy notice</h6>",
      "<authenticated/><p>Your responses and the advice provided will be collected, used, shared and securely stored in accordance with our Privacy Policy. This information may be shared with other members of the Westpac group including BTNZ. We may also use this information to keep you informed about your membership in the scheme and provide you with advice in the future. If you have provided your email address then we may email these messages. You have the right to access and correct this information subject to the provisions of the Privacy Act 2020.</p>",
      "<h6>Other information about the graph</h6>",
      "<p>The graph on page 1 shows actual returns for funds in the Westpac KiwiSaver Scheme since 2008. Its purpose is to show you how different funds will go up and down along the way. The information is net of annual fund charges and tax at the highest PIR (tax rate) but it doesn’t include the administration fee. It is updated quarterly. Past returns are not a reliable indication of future returns.</p>",
      "<p>Both the Moderate and Default Funds started on 2 July 2014. For these two funds, the returns shown in the graph prior to this date have been created using actual returns for other funds in the Westpac KiwiSaver Scheme, which have then been adjusted to match the benchmark allocation to growth assets and income assets for the Moderate and Default Funds.</p>"
    ]
  },
  "monthlyData": [
    {
      "date": "2008-01-31T07:00:00.000Z",
      "cash": 0.41,
      "conservative": -1.64,
      "moderate": -2.83,
      "balanced": -4.41,
      "growth": -5.63,
      "defensive": -1.23
    },
    {
      "date": "2008-02-29T07:00:00.000Z",
      "cash": 0.22,
      "conservative": -0.63,
      "moderate": -1.06,
      "balanced": -1.63,
      "growth": -1.96,
      "defensive": -0.46
    },
    {
      "date": "2008-03-31T07:00:00.000Z",
      "cash": -0.07,
      "conservative": -0.06,
      "moderate": -0.1,
      "balanced": -0.16,
      "growth": -0.33,
      "defensive": -0.06
    },
    {
      "date": "2008-04-30T07:00:00.000Z",
      "cash": 0.5,
      "conservative": 1.26,
      "moderate": 1.94,
      "balanced": 2.84,
      "growth": 3.61,
      "defensive": 1.11
    },
    {
      "date": "2008-05-31T07:00:00.000Z",
      "cash": 0.5,
      "conservative": 0.39,
      "moderate": 0.37,
      "balanced": 0.35,
      "growth": 0.31,
      "defensive": 0.41
    },
    {
      "date": "2008-06-30T07:00:00.000Z",
      "cash": 0.46,
      "conservative": -1.43,
      "moderate": -2.49,
      "balanced": -3.9,
      "growth": -4.94,
      "defensive": -1.05
    },
    {
      "date": "2008-07-31T07:00:00.000Z",
      "cash": 0.48,
      "conservative": 0.71,
      "moderate": 0.89,
      "balanced": 1.12,
      "growth": 0.93,
      "defensive": 0.66
    },
    {
      "date": "2008-08-31T07:00:00.000Z",
      "cash": 0.43,
      "conservative": 0.44,
      "moderate": 0.58,
      "balanced": 0.77,
      "growth": 0.62,
      "defensive": 0.44
    },
    {
      "date": "2008-09-30T07:00:00.000Z",
      "cash": 0.09,
      "conservative": -1.21,
      "moderate": -2.37,
      "balanced": -3.91,
      "growth": -4.65,
      "defensive": -0.95
    },
    {
      "date": "2008-10-31T07:00:00.000Z",
      "cash": 0.38,
      "conservative": -1.82,
      "moderate": -2.52,
      "balanced": -3.46,
      "growth": -4.57,
      "defensive": -1.38
    },
    {
      "date": "2008-11-30T07:00:00.000Z",
      "cash": 0.28,
      "conservative": 0.19,
      "moderate": -0.12,
      "balanced": -0.54,
      "growth": -1.2,
      "defensive": 0.21
    },
    {
      "date": "2008-12-31T07:00:00.000Z",
      "cash": 0.31,
      "conservative": 0.52,
      "moderate": 0.35,
      "balanced": 0.13,
      "growth": -0.13,
      "defensive": 0.48
    },
    {
      "date": "2009-01-31T07:00:00.000Z",
      "cash": 0.26,
      "conservative": 0.81,
      "moderate": 1.27,
      "balanced": 1.88,
      "growth": 1.95,
      "defensive": 0.7
    },
    {
      "date": "2009-02-28T07:00:00.000Z",
      "cash": 0.21,
      "conservative": -1.87,
      "moderate": -3.03,
      "balanced": -4.57,
      "growth": -5.48,
      "defensive": -1.45
    },
    {
      "date": "2009-03-31T07:00:00.000Z",
      "cash": 0.17,
      "conservative": -0.31,
      "moderate": -0.56,
      "balanced": -0.9,
      "growth": -0.87,
      "defensive": -0.21
    },
    {
      "date": "2009-04-30T07:00:00.000Z",
      "cash": 0.23,
      "conservative": 2,
      "moderate": 3.46,
      "balanced": 5.4,
      "growth": 6.07,
      "defensive": 1.65
    },
    {
      "date": "2009-05-31T07:00:00.000Z",
      "cash": 0.19,
      "conservative": -0.12,
      "moderate": -0.39,
      "balanced": -0.75,
      "growth": -0.71,
      "defensive": -0.06
    },
    {
      "date": "2009-06-30T07:00:00.000Z",
      "cash": 0.2,
      "conservative": 0.23,
      "moderate": 0.15,
      "balanced": 0.05,
      "growth": 0.24,
      "defensive": 0.22
    },
    {
      "date": "2009-07-31T07:00:00.000Z",
      "cash": 0.17,
      "conservative": 2.16,
      "moderate": 3.18,
      "balanced": 4.55,
      "growth": 5.54,
      "defensive": 1.76
    },
    {
      "date": "2009-08-31T07:00:00.000Z",
      "cash": 0.24,
      "conservative": 1.02,
      "moderate": 1.11,
      "balanced": 1.24,
      "growth": 1.51,
      "defensive": 0.86
    },
    {
      "date": "2009-09-30T07:00:00.000Z",
      "cash": 0.16,
      "conservative": 0.75,
      "moderate": 0.76,
      "balanced": 0.78,
      "growth": 1.03,
      "defensive": 0.63
    },
    {
      "date": "2009-10-31T07:00:00.000Z",
      "cash": 0.23,
      "conservative": 0.27,
      "moderate": 0.14,
      "balanced": -0.04,
      "growth": 0.02,
      "defensive": 0.26
    },
    {
      "date": "2009-11-30T07:00:00.000Z",
      "cash": 0.19,
      "conservative": 0.53,
      "moderate": 0.88,
      "balanced": 1.34,
      "growth": 1.14,
      "defensive": 0.46
    },
    {
      "date": "2009-12-31T07:00:00.000Z",
      "cash": 0.09,
      "conservative": 0.71,
      "moderate": 1.14,
      "balanced": 1.71,
      "growth": 2.25,
      "defensive": 0.59
    },
    {
      "date": "2010-01-31T07:00:00.000Z",
      "cash": 0.16,
      "conservative": 0.14,
      "moderate": -0.02,
      "balanced": -0.23,
      "growth": -0.63,
      "defensive": 0.14
    },
    {
      "date": "2010-02-28T07:00:00.000Z",
      "cash": 0.15,
      "conservative": 0.49,
      "moderate": 0.58,
      "balanced": 0.69,
      "growth": 0.74,
      "defensive": 0.42
    },
    {
      "date": "2010-03-31T07:00:00.000Z",
      "cash": 0.16,
      "conservative": 1.08,
      "moderate": 1.76,
      "balanced": 2.67,
      "growth": 3.1,
      "defensive": 0.9
    },
    {
      "date": "2010-04-30T07:00:00.000Z",
      "cash": 0.13,
      "conservative": 0.26,
      "moderate": 0.22,
      "balanced": 0.16,
      "growth": 0.2,
      "defensive": 0.23
    },
    {
      "date": "2010-05-31T07:00:00.000Z",
      "cash": 0.16,
      "conservative": -1.06,
      "moderate": -1.77,
      "balanced": -2.72,
      "growth": -3.59,
      "defensive": -0.82
    },
    {
      "date": "2010-06-30T07:00:00.000Z",
      "cash": 0.15,
      "conservative": -0.27,
      "moderate": -0.86,
      "balanced": -1.65,
      "growth": -1.92,
      "defensive": -0.19
    },
    {
      "date": "2010-07-31T07:00:00.000Z",
      "cash": 0.16,
      "conservative": 0.88,
      "moderate": 1.21,
      "balanced": 1.65,
      "growth": 1.88,
      "defensive": 0.74
    },
    {
      "date": "2010-08-31T07:00:00.000Z",
      "cash": 0.2,
      "conservative": 0.37,
      "moderate": 0.19,
      "balanced": -0.05,
      "growth": -0.12,
      "defensive": 0.34
    },
    {
      "date": "2010-09-30T07:00:00.000Z",
      "cash": 0.19,
      "conservative": 1.48,
      "moderate": 2.21,
      "balanced": 3.19,
      "growth": 3.71,
      "defensive": 1.22
    },
    {
      "date": "2010-10-31T07:00:00.000Z",
      "cash": 0.18,
      "conservative": 0.7,
      "moderate": 0.98,
      "balanced": 1.35,
      "growth": 1.76,
      "defensive": 0.6
    },
    {
      "date": "2010-11-30T07:00:00.000Z",
      "cash": 0.2,
      "conservative": -0.18,
      "moderate": -0.12,
      "balanced": -0.03,
      "growth": 0.01,
      "defensive": -0.1
    },
    {
      "date": "2010-12-31T07:00:00.000Z",
      "cash": 0.19,
      "conservative": 0.84,
      "moderate": 1.32,
      "balanced": 1.97,
      "growth": 2.18,
      "defensive": 0.71
    },
    {
      "date": "2011-01-31T07:00:00.000Z",
      "cash": 0.19,
      "conservative": 0.55,
      "moderate": 0.67,
      "balanced": 0.83,
      "growth": 0.84,
      "defensive": 0.48
    },
    {
      "date": "2011-02-28T07:00:00.000Z",
      "cash": 0.19,
      "conservative": 1.08,
      "moderate": 1.66,
      "balanced": 2.44,
      "growth": 2.6,
      "defensive": 0.9
    },
    {
      "date": "2011-03-31T07:00:00.000Z",
      "cash": 0.22,
      "conservative": 0.34,
      "moderate": 0.25,
      "balanced": 0.14,
      "growth": 0.26,
      "defensive": 0.32
    },
    {
      "date": "2011-04-30T07:00:00.000Z",
      "cash": 0.15,
      "conservative": 0.82,
      "moderate": 0.91,
      "balanced": 1.03,
      "growth": 1.16,
      "defensive": 0.69
    },
    {
      "date": "2011-05-31T07:00:00.000Z",
      "cash": 0.16,
      "conservative": 0.36,
      "moderate": 0.03,
      "balanced": -0.4,
      "growth": -0.42,
      "defensive": 0.32
    },
    {
      "date": "2011-06-30T07:00:00.000Z",
      "cash": 0.14,
      "conservative": -0.32,
      "moderate": -0.7,
      "balanced": -1.2,
      "growth": -1.37,
      "defensive": -0.23
    },
    {
      "date": "2011-07-31T07:00:00.000Z",
      "cash": 0.14,
      "conservative": -0.52,
      "moderate": -1.09,
      "balanced": -1.85,
      "growth": -2.19,
      "defensive": -0.39
    },
    {
      "date": "2011-08-31T07:00:00.000Z",
      "cash": 0.14,
      "conservative": -0.58,
      "moderate": -1.33,
      "balanced": -2.32,
      "growth": -2.81,
      "defensive": -0.44
    },
    {
      "date": "2011-09-30T07:00:00.000Z",
      "cash": 0.15,
      "conservative": -0.08,
      "moderate": -0.32,
      "balanced": -0.65,
      "growth": -0.64,
      "defensive": -0.03
    },
    {
      "date": "2011-10-31T07:00:00.000Z",
      "cash": 0.16,
      "conservative": 0.95,
      "moderate": 1.51,
      "balanced": 2.26,
      "growth": 2.76,
      "defensive": 0.79
    },
    {
      "date": "2011-11-30T07:00:00.000Z",
      "cash": 0.14,
      "conservative": -0.02,
      "moderate": -0.17,
      "balanced": -0.37,
      "growth": -0.41,
      "defensive": 0.01
    },
    {
      "date": "2011-12-31T07:00:00.000Z",
      "cash": 0.16,
      "conservative": 0.4,
      "moderate": 0.3,
      "balanced": 0.17,
      "growth": -0.1,
      "defensive": 0.35
    },
    {
      "date": "2012-01-31T07:00:00.000Z",
      "cash": 0.17,
      "conservative": 0.63,
      "moderate": 0.75,
      "balanced": 0.9,
      "growth": 1.13,
      "defensive": 0.54
    },
    {
      "date": "2012-02-29T07:00:00.000Z",
      "cash": 0.15,
      "conservative": 0.44,
      "moderate": 0.71,
      "balanced": 1.08,
      "growth": 1.35,
      "defensive": 0.38
    },
    {
      "date": "2012-03-31T07:00:00.000Z",
      "cash": 0.17,
      "conservative": 1.0,
      "moderate": 1.35,
      "balanced": 1.82,
      "growth": 2.4,
      "defensive": 0.83
    },
    {
      "date": "2012-04-30T07:00:00.000Z",
      "cash": 0.15,
      "conservative": 0.34,
      "moderate": 0.12,
      "balanced": -0.17,
      "growth": -0.38,
      "defensive": 0.3
    },
    {
      "date": "2012-05-31T07:00:00.000Z",
      "cash": 0.15,
      "conservative": -0.36,
      "moderate": -0.87,
      "balanced": -1.54,
      "growth": -2.14,
      "defensive": -0.26
    },
    {
      "date": "2012-06-30T07:00:00.000Z",
      "cash": 0.13,
      "conservative": -0.1,
      "moderate": -0.29,
      "balanced": -0.54,
      "growth": -0.74,
      "defensive": -0.05
    },
    {
      "date": "2012-07-31T07:00:00.000Z",
      "cash": 0.18,
      "conservative": 1.18,
      "moderate": 1.4,
      "balanced": 1.69,
      "growth": 2.01,
      "defensive": 0.98
    },
    {
      "date": "2012-08-31T07:00:00.000Z",
      "cash": 0.18,
      "conservative": 1.06,
      "moderate": 1.48,
      "balanced": 2.03,
      "growth": 2.47,
      "defensive": 0.88
    },
    {
      "date": "2012-09-30T07:00:00.000Z",
      "cash": 0.16,
      "conservative": 0.84,
      "moderate": 1.01,
      "balanced": 1.24,
      "growth": 1.49,
      "defensive": 0.7
    },
    {
      "date": "2012-10-31T07:00:00.000Z",
      "cash": 0.18,
      "conservative": 0.96,
      "moderate": 1.12,
      "balanced": 1.34,
      "growth": 1.72,
      "defensive": 0.8
    },
    {
      "date": "2012-11-30T07:00:00.000Z",
      "cash": 0.19,
      "conservative": 0.63,
      "moderate": 0.77,
      "balanced": 0.96,
      "growth": 1.07,
      "defensive": 0.54
    },
    {
      "date": "2012-12-31T07:00:00.000Z",
      "cash": 0.17,
      "conservative": 0.37,
      "moderate": 0.51,
      "balanced": 0.7,
      "growth": 0.77,
      "defensive": 0.33
    },
    {
      "date": "2013-01-31T07:00:00.000Z",
      "cash": 0.17,
      "conservative": 0.98,
      "moderate": 1.52,
      "balanced": 2.24,
      "growth": 2.92,
      "defensive": 0.82
    },
    {
      "date": "2013-02-28T07:00:00.000Z",
      "cash": 0.16,
      "conservative": 0.51,
      "moderate": 0.61,
      "balanced": 0.74,
      "growth": 0.95,
      "defensive": 0.44
    },
    {
      "date": "2013-03-31T07:00:00.000Z",
      "cash": 0.17,
      "conservative": 0.61,
      "moderate": 0.72,
      "balanced": 0.86,
      "growth": 0.97,
      "defensive": 0.52
    },
    {
      "date": "2013-04-30T07:00:00.000Z",
      "cash": 0.2,
      "conservative": 1.07,
      "moderate": 1.1,
      "balanced": 1.13,
      "growth": 1.23,
      "defensive": 0.9
    },
    {
      "date": "2013-05-31T07:00:00.000Z",
      "cash": 0.17,
      "conservative": -0.07,
      "moderate": 0.38,
      "balanced": 0.99,
      "growth": 1.56,
      "defensive": -0.02
    },
    {
      "date": "2013-06-30T07:00:00.000Z",
      "cash": 0.19,
      "conservative": -1.27,
      "moderate": -1.36,
      "balanced": -1.49,
      "growth": -1.61,
      "defensive": -0.98
    },
    {
      "date": "2013-07-31T07:00:00.000Z",
      "cash": 0.17,
      "conservative": 0.72,
      "moderate": 1.08,
      "balanced": 1.55,
      "growth": 1.95,
      "defensive": 0.61
    },
    {
      "date": "2013-08-31T07:00:00.000Z",
      "cash": 0.17,
      "conservative": 0.02,
      "moderate": 0.13,
      "balanced": 0.27,
      "growth": 0.5,
      "defensive": 0.05
    },
    {
      "date": "2013-09-30T07:00:00.000Z",
      "cash": 0.15,
      "conservative": 0.39,
      "moderate": 0.46,
      "balanced": 0.55,
      "growth": 0.48,
      "defensive": 0.34
    },
    {
      "date": "2013-10-31T07:00:00.000Z",
      "cash": 0.18,
      "conservative": 1.2,
      "moderate": 1.72,
      "balanced": 2.42,
      "growth": 2.95,
      "defensive": 1.0
    },
    {
      "date": "2013-11-30T07:00:00.000Z",
      "cash": 0.18,
      "conservative": 0,
      "moderate": 0.07,
      "balanced": 0.17,
      "growth": 0.27,
      "defensive": 0.04
    },
    {
      "date": "2013-12-31T07:00:00.000Z",
      "cash": 0.17,
      "conservative": 0.16,
      "moderate": 0.17,
      "balanced": 0.19,
      "growth": 0.12,
      "defensive": 0.16
    },
    {
      "date": "2014-01-31T07:00:00.000Z",
      "cash": 0.18,
      "conservative": 0.45,
      "moderate": 0.35,
      "balanced": 0.22,
      "growth": 0.09,
      "defensive": 0.4
    },
    {
      "date": "2014-02-28T07:00:00.000Z",
      "cash": 0.16,
      "conservative": 0.65,
      "moderate": 0.88,
      "balanced": 1.18,
      "growth": 1.42,
      "defensive": 0.55
    },
    {
      "date": "2014-03-31T07:00:00.000Z",
      "cash": 0.19,
      "conservative": 0.1,
      "moderate": -0.05,
      "balanced": -0.25,
      "growth": -0.41,
      "defensive": 0.12
    },
    {
      "date": "2014-04-30T07:00:00.000Z",
      "cash": 0.18,
      "conservative": 0.76,
      "moderate": 0.9,
      "balanced": 1.08,
      "growth": 1.26,
      "defensive": 0.64
    },
    {
      "date": "2014-05-31T07:00:00.000Z",
      "cash": 0.19,
      "conservative": 0.9,
      "moderate": 1.08,
      "balanced": 1.33,
      "growth": 1.69,
      "defensive": 0.76
    },
    {
      "date": "2014-06-30T07:00:00.000Z",
      "cash": 0.2,
      "conservative": 0.01,
      "moderate": -0.08,
      "balanced": -0.21,
      "growth": -0.3,
      "defensive": 0.05
    },
    {
      "date": "2014-07-31T07:00:00.000Z",
      "cash": 0.21,
      "conservative": 0.5,
      "moderate": 0.39,
      "balanced": 0.65,
      "growth": 0.77,
      "defensive": 0.24
    },
    {
      "date": "2014-08-31T07:00:00.000Z",
      "cash": 0.21,
      "conservative": 0.98,
      "moderate": 1.13,
      "balanced": 1.73,
      "growth": 2.1,
      "defensive": 0.76
    },
    {
      "date": "2014-09-30T07:00:00.000Z",
      "cash": 0.23,
      "conservative": 0.41,
      "moderate": 0.61,
      "balanced": 1.01,
      "growth": 1.21,
      "defensive": 0.43
    },
    {
      "date": "2014-10-31T07:00:00.000Z",
      "cash": 0.21,
      "conservative": 0.73,
      "moderate": 0.71,
      "balanced": 0.9,
      "growth": 0.99,
      "defensive": 0.73
    },
    {
      "date": "2014-11-30T07:00:00.000Z",
      "cash": 0.22,
      "conservative": 0.6,
      "moderate": 0.72,
      "balanced": 0.9,
      "growth": 1.07,
      "defensive": 0.56
    },
    {
      "date": "2014-12-31T07:00:00.000Z",
      "cash": 0.23,
      "conservative": 0.55,
      "moderate": 0.51,
      "balanced": 0.55,
      "growth": 0.63,
      "defensive": 0.48
    },
    {
      "date": "2015-01-31T07:00:00.000Z",
      "cash": 0.21,
      "conservative": 1.47,
      "moderate": 1.77,
      "balanced": 2.2,
      "growth": 2.56,
      "defensive": 1.32
    },
    {
      "date": "2015-02-28T07:00:00.000Z",
      "cash": 0.19,
      "conservative": 0.52,
      "moderate": 0.77,
      "balanced": 1.2,
      "growth": 1.5,
      "defensive": 0.47
    },
    {
      "date": "2015-03-31T07:00:00.000Z",
      "cash": 0.22,
      "conservative": 0.21,
      "moderate": 0.13,
      "balanced": -0.03,
      "growth": -0.15,
      "defensive": 0.24
    },
    {
      "date": "2015-04-30T07:00:00.000Z",
      "cash": 0.21,
      "conservative": 0.06,
      "moderate": 0.1,
      "balanced": 0.18,
      "growth": 0.26,
      "defensive": 0.1
    },
    {
      "date": "2015-05-31T07:00:00.000Z",
      "cash": 0.21,
      "conservative": 0.69,
      "moderate": 1.21,
      "balanced": 2.01,
      "growth": 2.55,
      "defensive": 0.65
    },
    {
      "date": "2015-06-30T07:00:00.000Z",
      "cash": 0.21,
      "conservative": -0.13,
      "moderate": -0.18,
      "balanced": -0.24,
      "growth": -0.23,
      "defensive": -0.07
    },
    {
      "date": "2015-07-31T07:00:00.000Z",
      "cash": 0.21,
      "conservative": 1.05,
      "moderate": 1.29,
      "balanced": 1.71,
      "growth": 2.06,
      "defensive": 1.01
    },
    {
      "date": "2015-08-31T07:00:00.000Z",
      "cash": 0.2,
      "conservative": -0.64,
      "moderate": -0.99,
      "balanced": -1.58,
      "growth": -2.06,
      "defensive": -0.56
    },
    {
      "date": "2015-09-30T07:00:00.000Z",
      "cash": 0.17,
      "conservative": -0.6,
      "moderate": -1.08,
      "balanced": -1.79,
      "growth": -2.35,
      "defensive": -0.43
    },
    {
      "date": "2015-10-31T07:00:00.000Z",
      "cash": 0.17,
      "conservative": 1.24,
      "moderate": 1.65,
      "balanced": 2.47,
      "growth": 3.13,
      "defensive": 1.23
    },
    {
      "date": "2015-11-30T07:00:00.000Z",
      "cash": 0.18,
      "conservative": 0.45,
      "moderate": 0.64,
      "balanced": 0.91,
      "growth": 1.21,
      "defensive": 0.38
    },
    {
      "date": "2015-12-31T07:00:00.000Z",
      "cash": 0.17,
      "conservative": -0.27,
      "moderate": -0.58,
      "balanced": -0.93,
      "growth": -1.07,
      "defensive": -0.17
    },
    {
      "date": "2016-01-31T07:00:00.000Z",
      "cash": 0.16,
      "conservative": -0.08,
      "moderate": -0.47,
      "balanced": -1.15,
      "growth": -1.67,
      "defensive": 0
    },
    {
      "date": "2016-02-29T07:00:00.000Z",
      "cash": 0.15,
      "conservative": 0.12,
      "moderate": -0.05,
      "balanced": -0.34,
      "growth": -0.55,
      "defensive": 0.1
    },
    {
      "date": "2016-03-31T07:00:00.000Z",
      "cash": 0.17,
      "conservative": 1.59,
      "moderate": 2.06,
      "balanced": 2.85,
      "growth": 3.6,
      "defensive": 1.47
    },
    {
      "date": "2016-04-30T07:00:00.000Z",
      "cash": 0.13,
      "conservative": 0.37,
      "moderate": 0.43,
      "balanced": 0.56,
      "growth": 0.7,
      "defensive": 0.3
    },
    {
      "date": "2016-05-31T07:00:00.000Z",
      "cash": 0.15,
      "conservative": 0.86,
      "moderate": 1.14,
      "balanced": 1.62,
      "growth": 1.99,
      "defensive": 0.79
    },
    {
      "date": "2016-06-30T07:00:00.000Z",
      "cash": 0.13,
      "conservative": -0.36,
      "moderate": -0.98,
      "balanced": -2.0,
      "growth": -2.78,
      "defensive": -0.15
    },
    {
      "date": "2016-07-31T07:00:00.000Z",
      "cash": 0.15,
      "conservative": 1.29,
      "moderate": 1.8,
      "balanced": 2.58,
      "growth": 3.19,
      "defensive": 1.12
    },
    {
      "date": "2016-08-31T07:00:00.000Z",
      "cash": 0.15,
      "conservative": 0.2,
      "moderate": 0.19,
      "balanced": 0.16,
      "growth": 0.17,
      "defensive": 0.16
    },
    {
      "date": "2016-09-30T07:00:00.000Z",
      "cash": 0.14,
      "conservative": -0.1,
      "moderate": -0.1,
      "balanced": -0.1,
      "growth": -0.15,
      "defensive": -0.06
    },
    {
      "date": "2016-10-31T07:00:00.000Z",
      "cash": 0.13,
      "conservative": -0.86,
      "moderate": -1.09,
      "balanced": -1.43,
      "growth": -1.79,
      "defensive": -0.72
    },
    {
      "date": "2016-11-30T07:00:00.000Z",
      "cash": 0.14,
      "conservative": -0.44,
      "moderate": -0.33,
      "balanced": -0.03,
      "growth": 0.19,
      "defensive": -0.3
    },
    {
      "date": "2016-12-31T07:00:00.000Z",
      "cash": 0.12,
      "conservative": 0.32,
      "moderate": 0.53,
      "balanced": 0.93,
      "growth": 1.16,
      "defensive": 0.39
    },
    {
      "date": "2017-01-31T07:00:00.000Z",
      "cash": 0.15,
      "conservative": 0.22,
      "moderate": 0.23,
      "balanced": 0.26,
      "growth": 0.38,
      "defensive": 0.12
    },
    {
      "date": "2017-02-28T07:00:00.000Z",
      "cash": 0.13,
      "conservative": 0.8,
      "moderate": 1.11,
      "balanced": 1.6,
      "growth": 1.88,
      "defensive": 0.74
    },
    {
      "date": "2017-03-31T07:00:00.000Z",
      "cash": 0.13,
      "conservative": 0.6,
      "moderate": 0.9,
      "balanced": 1.36,
      "growth": 1.63,
      "defensive": 0.51
    },
    {
      "date": "2017-04-30T07:00:00.000Z",
      "cash": 0.13,
      "conservative": 0.8,
      "moderate": 1.09,
      "balanced": 1.55,
      "growth": 1.86,
      "defensive": 0.67
    },
    {
      "date": "2017-05-31T07:00:00.000Z",
      "cash": 0.14,
      "conservative": 0.45,
      "moderate": 0.44,
      "balanced": 0.35,
      "growth": 0.3,
      "defensive": 0.34
    },
    {
      "date": "2017-06-30T07:00:00.000Z",
      "cash": 0.14,
      "conservative": 0.11,
      "moderate": 0.12,
      "balanced": 0.2,
      "growth": 0.36,
      "defensive": 0.07
    },
    {
      "date": "2017-07-31T07:00:00.000Z",
      "cash": 0.13,
      "conservative": 0.24,
      "moderate": 0.27,
      "balanced": 0.36,
      "growth": 0.35,
      "defensive": 0.26
    },
    {
      "date": "2017-08-31T07:00:00.000Z",
      "cash": 0.12,
      "conservative": 0.73,
      "moderate": 0.98,
      "balanced": 1.35,
      "growth": 1.62,
      "defensive": 0.67
    },
    {
      "date": "2017-09-30T07:00:00.000Z",
      "cash": 0.13,
      "conservative": 0.36,
      "moderate": 0.53,
      "balanced": 0.89,
      "growth": 1.15,
      "defensive": 0.36
    },
    {
      "date": "2017-10-31T07:00:00.000Z",
      "cash": 0.13,
      "conservative": 0.88,
      "moderate": 1.24,
      "balanced": 1.89,
      "growth": 2.31,
      "defensive": 0.78
    },
    {
      "date": "2017-11-30T07:00:00.000Z",
      "cash": 0.14,
      "conservative": 0.46,
      "moderate": 0.58,
      "balanced": 0.7,
      "growth": 0.92,
      "defensive": 0.42
    },
    {
      "date": "2017-12-31T07:00:00.000Z",
      "cash": 0.13,
      "conservative": 0.47,
      "moderate": 0.66,
      "balanced": 0.89,
      "growth": 1.17,
      "defensive": 0.43
    },
    {
      "date": "2018-01-31T07:00:00.000Z",
      "cash": 0.13,
      "conservative": 0.39,
      "moderate": 0.61,
      "balanced": 1.03,
      "growth": 1.24,
      "defensive": 0.34
    },
    {
      "date": "2018-02-28T07:00:00.000Z",
      "cash": 0.12,
      "conservative": -0.44,
      "moderate": -0.7,
      "balanced": -1.03,
      "growth": -1.45,
      "defensive": -0.28
    },
    {
      "date": "2018-03-31T07:00:00.000Z",
      "cash": 0.11,
      "conservative": 0.02,
      "moderate": -0.17,
      "balanced": -0.52,
      "growth": -0.7,
      "defensive": 0
    },
    {
      "date": "2018-04-30T07:00:00.000Z",
      "cash": 0.13,
      "conservative": 0.35,
      "moderate": 0.53,
      "balanced": 0.86,
      "growth": 1.18,
      "defensive": 0.31
    },
    {
      "date": "2018-05-31T07:00:00.000Z",
      "cash": 0.14,
      "conservative": 0.48,
      "moderate": 0.61,
      "balanced": 0.84,
      "growth": 1.08,
      "defensive": 0.48
    },
    {
      "date": "2018-06-30T07:00:00.000Z",
      "cash": 0.12,
      "conservative": 0.68,
      "moderate": 0.88,
      "balanced": 1.2,
      "growth": 1.5,
      "defensive": 0.6
    },
    {
      "date": "2018-07-31T07:00:00.000Z",
      "cash": 0.14,
      "conservative": 0.37,
      "moderate": 0.49,
      "balanced": 0.68,
      "growth": 0.85,
      "defensive": 0.36
    },
    {
      "date": "2018-08-31T07:00:00.000Z",
      "cash": 0.13,
      "conservative": 0.81,
      "moderate": 1.07,
      "balanced": 1.54,
      "growth": 1.9,
      "defensive": 0.77
    },
    {
      "date": "2018-09-30T07:00:00.000Z",
      "cash": 0.11,
      "conservative": -0.06,
      "moderate": -0.1,
      "balanced": -0.19,
      "growth": -0.22,
      "defensive": 0.02
    },
    {
      "date": "2018-10-31T07:00:00.000Z",
      "cash": 0.13,
      "conservative": -1.41,
      "moderate": -2.26,
      "balanced": -3.6,
      "growth": -4.71,
      "defensive": -1.16
    },
    {
      "date": "2018-11-30T07:00:00.000Z",
      "cash": 0.13,
      "conservative": -0.1,
      "moderate": -0.22,
      "balanced": -0.43,
      "growth": -0.43,
      "defensive": -0.09
    },
    {
      "date": "2018-12-31T07:00:00.000Z",
      "cash": 0.12,
      "conservative": -0.26,
      "moderate": -0.75,
      "balanced": -1.64,
      "growth": -2.39,
      "defensive": -0.12
    },
    {
      "date": "2019-01-31T07:00:00.000Z",
      "cash": 0.13,
      "conservative": 1.36,
      "moderate": 1.95,
      "balanced": 2.84,
      "growth": 3.71,
      "defensive": 1.06
    },
    {
      "date": "2019-02-28T07:00:00.000Z",
      "cash": 0.12,
      "conservative": 0.91,
      "moderate": 1.31,
      "balanced": 1.98,
      "growth": 2.47,
      "defensive": 0.83
    },
    {
      "date": "2019-03-31T07:00:00.000Z",
      "cash": 0.13,
      "conservative": 1.16,
      "moderate": 1.39,
      "balanced": 1.66,
      "growth": 1.98,
      "defensive": 1.03
    },
    {
      "date": "2019-04-30T07:00:00.000Z",
      "cash": 0.13,
      "conservative": 0.74,
      "moderate": 1.11,
      "balanced": 1.77,
      "growth": 2.24,
      "defensive": 0.69
    },
    {
      "date": "2019-05-31T07:00:00.000Z",
      "cash": 0.13,
      "conservative": 0.01,
      "moderate": -0.36,
      "balanced": -1.05,
      "growth": -1.45,
      "defensive": 0.08
    },
    {
      "date": "2019-06-30T07:00:00.000Z",
      "cash": 0.12,
      "conservative": 1.26,
      "moderate": 1.7,
      "balanced": 2.37,
      "growth": 2.93,
      "defensive": 1.16
    },
    {
      "date": "2019-07-31T07:00:00.000Z",
      "cash": 0.13,
      "conservative": 0.83,
      "moderate": 1.1,
      "balanced": 1.45,
      "growth": 1.78,
      "defensive": 0.75
    },
    {
      "date": "2019-08-31T07:00:00.000Z",
      "cash": 0.11,
      "conservative": 0.52,
      "moderate": 0.34,
      "balanced": 0.01,
      "growth": -0.22,
      "defensive": 0.5
    },
    {
      "date": "2019-09-30T07:00:00.000Z",
      "cash": 0.09,
      "conservative": 0.23,
      "moderate": 0.39,
      "balanced": 0.61,
      "growth": 0.88,
      "defensive": 0.21
    },
    {
      "date": "2019-10-31T07:00:00.000Z",
      "cash": 0.09,
      "conservative": -0.16,
      "moderate": -0.16,
      "balanced": -0.09,
      "growth": -0.04,
      "defensive": -0.18
    },
    {
      "date": "2019-11-30T07:00:00.000Z",
      "cash": 0.09,
      "conservative": 0.73,
      "moderate": 1.15,
      "balanced": 1.88,
      "growth": 2.38,
      "defensive": 0.67
    },
    {
      "date": "2019-12-31T07:00:00.000Z",
      "cash": 0.09,
      "conservative": 0.02,
      "moderate": 0.13,
      "balanced": 0.3,
      "growth": 0.48,
      "defensive": 0.07
    },
    {
      "date": "2020-01-31T07:00:00.000Z",
      "cash": 0.1,
      "conservative": 0.91,
      "moderate": 1.01,
      "balanced": 1.09,
      "growth": 1.19,
      "defensive": 0.78
    },
    {
      "date": "2020-02-29T07:00:00.000Z",
      "cash": 0.08,
      "conservative": -0.82,
      "moderate": -1.49,
      "balanced": -2.56,
      "growth": -3.59,
      "defensive": -0.56
    },
    {
      "date": "2020-03-31T07:00:00.000Z",
      "cash": 0.02,
      "conservative": -4,
      "moderate": -5.59,
      "balanced": -7.72,
      "growth": -10.22,
      "defensive": -3.32
    },
    {
      "date": "2020-04-30T07:00:00.000Z",
      "cash": 0.13,
      "conservative": 2.74,
      "moderate": 3.64,
      "balanced": 4.98,
      "growth": 5.97,
      "defensive": 2.36
    },
    {
      "date": "2020-05-31T07:00:00.000Z",
      "cash": 0.07,
      "conservative": 1.21,
      "moderate": 1.76,
      "balanced": 2.48,
      "growth": 3.02,
      "defensive": 1.11
    },
    {
      "date": "2020-06-30T07:00:00.000Z",
      "cash": 0.07,
      "conservative": 0.75,
      "moderate": 1.04,
      "balanced": 1.5,
      "growth": 1.91,
      "defensive": 0.61
    },
    {
      "date": "2020-07-31T07:00:00.000Z",
      "cash": 0.06,
      "conservative": 1.28,
      "moderate": 1.74,
      "balanced": 2.31,
      "growth": 2.88,
      "defensive": 1.12
    },
    {
      "date": "2020-08-31T07:00:00.000Z",
      "cash": 0.05,
      "conservative": 0.73,
      "moderate": 1.13,
      "balanced": 1.61,
      "growth": 2.08,
      "defensive": 0.73
    },
    {
      "date": "2020-09-30T07:00:00.000Z",
      "cash": 0.05,
      "conservative": -0.15,
      "moderate": -0.31,
      "balanced": -0.61,
      "growth": -0.88,
      "defensive": -0.05
    },
    {
      "date": "2020-10-31T07:00:00.000Z",
      "cash": 0.04,
      "conservative": 0.27,
      "moderate": 0.27,
      "balanced": 0.27,
      "growth": 0.34,
      "defensive": 0.21
    },
    {
      "date": "2020-11-30T07:00:00.000Z",
      "cash": 0.03,
      "conservative": 1.4,
      "moderate": 2.37,
      "balanced": 3.75,
      "growth": 4.96,
      "defensive": 1.18
    },
    {
      "date": "2020-12-31T07:00:00.000Z",
      "cash": 0.03,
      "conservative": 0.9,
      "moderate": 1.4,
      "balanced": 2.13,
      "growth": 2.81,
      "defensive": 0.79
    }
  ],
  "returnsUpdatedAt": "31/12/20"
}
