{
  "non-interactive": true,
  "verbose": true,
  "src": {
    "commit": true,
    "commitMessage": "Release %s",
    "tag": true,
    "tagName": "v%s",
    "tagAnnotation": "Release %s",
    "push": true,
    "beforeStartCommand": "yarn prerelease",
    "afterReleaseCommand": "echo Successfully pushed release ${version}."
  },
  "github": {
    "release": false
  },
  "npm": {
    "publish": false
  },
  "git": {
    "requireUpstream": false,
    "requireCleanWorkingDir": false
  }
}
